{"cameraMode":{"drawMode":0,"name":"Shaded","section":"Shading Mode"},"sceneLighting":false,"audioPlay":false,"sceneViewState":{"m_AlwaysRefresh":false,"showFog":true,"showSkybox":false,"showFlares":true,"showImageEffects":true,"showParticleSystems":true,"showVisualEffectGraphs":true,"m_FxEnabled":true},"in2DMode":false,"pivot":{"x":-0.4917806386947632,"y":2.5483341217041017,"z":1.7611716985702515},"rotation":{"x":0.023243682458996774,"y":-0.4109135568141937,"z":0.010480552911758423,"w":0.9113189578056336},"size":2.215210437774658,"orthographic":true}