{"cameraMode":{"drawMode":0,"name":"Shaded","section":"Shading Mode"},"sceneLighting":false,"audioPlay":false,"sceneViewState":{"m_AlwaysRefresh":false,"showFog":true,"showSkybox":false,"showFlares":true,"showImageEffects":true,"showParticleSystems":true,"showVisualEffectGraphs":true,"m_FxEnabled":true},"in2DMode":false,"pivot":{"x":-2.9802322387695315e-8,"y":0.35340791940689089,"z":0.0008384287357330322},"rotation":{"x":0.33464112877845766,"y":0.32203972339630129,"z":-0.12287544459104538,"w":0.8770591020584106},"size":0.58814936876297,"orthographic":false}