{"cameraMode":{"drawMode":0,"name":"Shaded","section":"Shading Mode"},"sceneLighting":false,"audioPlay":false,"sceneViewState":{"m_AlwaysRefresh":false,"showFog":true,"showSkybox":false,"showFlares":true,"showImageEffects":true,"showParticleSystems":true,"showVisualEffectGraphs":true,"m_FxEnabled":true},"in2DMode":false,"pivot":{"x":-1.1920928955078126e-7,"y":1.386227011680603,"z":-0.015428423881530762},"rotation":{"x":0.10060276091098786,"y":0.7765099406242371,"z":-0.1283506602048874,"w":0.6086491346359253},"size":2.5747604370117189,"orthographic":false}